BZ line,BZ from,BZ to,Country from,Country to,Country line
AL00-GR00,AL00,GR00,AL,GR,AL-GR
AL00-ME00,AL00,ME00,AL,ME,AL-ME
AL00-MK00,AL00,MK00,AL,MK,AL-MK
AL00-RS00,AL00,RS00,AL,RS,AL-RS
AL00-XK00,AL00,XK00,AL,XK,AL-XK
AT00-CH00,AT00,CH00,AT,CH,AT-CH
AT00-CZ00,AT00,CZ00,AT,CZ,AT-CZ
AT00-DE00,AT00,DE00,AT,DE,AT-DE
AT00-HU00,AT00,HU00,AT,HU,AT-HU
AT00-ITN1,AT00,ITN1,AT,IT,AT-IT
AT00-SI00,AT00,SI00,AT,SI,AT-SI
AT00-SK00,AT00,SK00,AT,SK,AT-SK
BA00-HR00,BA00,HR00,BA,HR,BA-HR
BA00-ME00,BA00,ME00,BA,ME,BA-ME
BA00-RS00,BA00,RS00,BA,RS,BA-RS
BE00-DE00,BE00,DE00,BE,DE,BE-DE
BE00-FR00,BE00,FR00,BE,FR,BE-FR
BE00-LUB1,BE00,LUB1,BE,LU,BE-LU
BE00-LUG1,BE00,LUG1,BE,LU,BE-LU
BE00-NL00,BE00,NL00,BE,NL,BE-NL
BE00-BEOF,BE00,BEOF,BE,BE,BE-BE
BE00-NL60,BE00,NL60,BE,NL,BE-NL
BE00-UK00,BE00,UK00,BE,UK,BE-UK
BG00-GR00,BG00,GR00,BG,GR,BG-GR
BG00-MK00,BG00,MK00,BG,MK,BG-MK
BG00-RO00,BG00,RO00,BG,RO,BG-RO
BG00-RS00,BG00,RS00,BG,RS,BG-RS
BG00-TR00,BG00,TR00,BG,TR,BG-TR
DE00-EEOF,DE00,EEOF,DE,BW,BW-DE
EE00-EEOF,EE00,EEOF,EE,BW,BW-EE
EEOF-LV00,EEOF,LV00,BW,LV,BW-LV
CH00-DE00,CH00,DE00,CH,DE,CH-DE
CH00-FR00,CH00,FR00,CH,FR,CH-FR
CH00-ITN1,CH00,ITN1,CH,IT,CH-IT
CW00-UK00,CW00,UK00,CW,UK,CW-UK
CY00-EG00,CY00,EG00,CY,EG,CY-EG
CY00-GR03,CY00,GR03,CY,GR,CY-GR
CY00-IL00,CY00,IL00,CY,IL,CY-IL
CZ00-DE00,CZ00,DE00,CZ,DE,CZ-DE
CZ00-PL00,CZ00,PL00,CZ,PL,CZ-PL
CZ00-SK00,CZ00,SK00,CZ,SK,CZ-SK
DE00-DKBH,DE00,DKBH,DE,DK,DE-DK
DE00-DKE1,DE00,DKE1,DE,DK,DE-DK
DE00-DKW1,DE00,DKW1,DE,DK,DE-DK
DEKF-DKKF,DEKF,DKKF,DE,DK,DE-DK
DE00-FR00,DE00,FR00,DE,FR,DE-FR
DE00-GR00,DE00,GR00,DE,GR,DE-GR
DE00-LUG1,DE00,LUG1,DE,LU,DE-LU
DE00-LUV1,DE00,LUV1,DE,LU,DE-LU
DE00-MA00,DE00,MA00,DE,MA,DE-MA
DE00-NL00,DE00,NL00,DE,NL,DE-NL
DE00-NOS0,DE00,NOS0,DE,NO,DE-NO
DE00-PL00,DE00,PL00,DE,PL,DE-PL
DE00-SE04,DE00,SE04,DE,SE,DE-SE
DE00-UK00,DE00,UK00,DE,UK,DE-UK
DKW1-NL00,DKW1,NL00,DK,NL,DK-NL
DKW1-NOS0,DKW1,NOS0,DK,NO,DK-NO
DKNS-DKW1,DKNS,DKW1,DK,DK,DK-DK
DKE1-PL00,DKE1,PL00,DK,PL,DK-PL
DKE1-SE04,DKE1,SE04,DK,SE,DK-SE
DKW1-SE03,DKW1,SE03,DK,SE,DK-SE
DKW1-UK00,DKW1,UK00,DK,UK,DK-UK
DZ00-ITN1,DZ00,ITN1,DZ,IT,DZ-IT
DZ00-MA00,DZ00,MA00,DZ,MA,DZ-MA
DZ00-TN00,DZ00,TN00,DZ,TN,DZ-TN
EE00-FI00,EE00,FI00,EE,FI,EE-FI
EE00-LV00,EE00,LV00,EE,LV,EE-LV
XRU00-EE00,XRU00,EE00,RU,EE,EE-RU
EG00-GR00,EG00,GR00,EG,GR,EG-GR
EG00-GR03,EG00,GR03,EG,GR,EG-GR
EG00-LY00,EG00,LY00,EG,LY,EG-LY
XSA00-EG00,XSA00,EG00,SA,EG,EG-SA
ES00-FR00,ES00,FR00,ES,FR,ES-FR
ES00-ITN1,ES00,ITN1,ES,IT,ES-IT
ES00-MA00,ES00,MA00,ES,MA,ES-MA
ES00-PT00,ES00,PT00,ES,PT,ES-PT
FI00-NON1,FI00,NON1,FI,NO,FI-NO
XRU00-FI00,XRU00,FI00,RU,FI,FI-RU
FI00-SE01,FI00,SE01,FI,SE,FI-SE
FI00-SE02,FI00,SE02,FI,SE,FI-SE
FI00-SE03,FI00,SE03,FI,SE,FI-SE
FR00-IE00,FR00,IE00,FR,IE,FR-IE
FR00-ITN1,FR00,ITN1,FR,IT,FR-IT
FR15-ITCO,FR15,ITCO,FR,IT,FR-IT
FR00-LUF1,FR00,LUF1,FR,LU,FR-LU
FR00-UK00,FR00,UK00,FR,UK,FR-UK
GR00-ITS1,GR00,ITS1,GR,IT,GR-IT
GR00-LY00,GR00,LY00,GR,LY,GR-LY
GR03-LY00,GR03,LY00,GR,LY,GR-LY
GR00-MK00,GR00,MK00,GR,MK,GR-MK
GR00-TR00,GR00,TR00,GR,TR,GR-TR
HR00-HU00,HR00,HU00,HR,HU,HR-HU
HR00-RS00,HR00,RS00,HR,RS,HR-RS
HR00-SI00,HR00,SI00,HR,SI,HR-SI
HU00-RO00,HU00,RO00,HU,RO,HU-RO
HU00-RS00,HU00,RS00,HU,RS,HU-RS
HU00-SI00,HU00,SI00,HU,SI,HU-SI
HU00-SK00,HU00,SK00,HU,SK,HU-SK
HU00-UA00,HU00,UA00,HU,UA,HU-UA
IE00-UK00,IE00,UK00,IE,UK,IE-UK
IE00-UKNI,IE00,UKNI,IE,UK,IE-UK
IL00-PS00,IL00,PS00,IL,PS,IL-PS
ITCS-ME00,ITCS,ME00,IT,ME,IT-ME
ITSI-MT00,ITSI,MT00,IT,MT,IT-MT
ITN1-SI00,ITN1,SI00,IT,SI,IT-SI
ITCN-TN00,ITCN,TN00,IT,TN,IT-TN
ITCS-TN00,ITCS,TN00,IT,TN,IT-TN
ITSI-TN00,ITSI,TN00,IT,TN,IT-TN
TN00-ITSI,XTN00,ITSI,TN,IT,IT-TN
LT00-LV00,LT00,LV00,LT,LV,LT-LV
LT00-PL00,LT00,PL00,LT,PL,LT-PL
XRU00-LT00,XRU00,LT00,RU,LT,LT-RU
LT00-SE04,LT00,SE04,LT,SE,LT-SE
XRU00-LV00,XRU00,LV00,RU,LV,LV-RU
LV00-SE03,LV00,SE03,LV,SE,LV-SE
LY00-TN00,LY00,TN00,LY,TN,LY-TN
MD00-RO00,MD00,RO00,MD,RO,MD-RO
MD00-RO00,XMD00,RO00,MD,RO,MD-RO
MD00-UA00,MD00,UA00,MD,UA,MD-UA
ME00-RS00,ME00,RS00,ME,RS,ME-RS
ME00-XK00,ME00,XK00,ME,XK,ME-XK
MK00-RS00,MK00,RS00,MK,RS,MK-RS
MK00-XK00,MK00,XK00,MK,XK,MK-XK
MT00-TN00,MT00,TN00,MT,TN,MT-TN
NL00-NOS0,NL00,NOS0,NL,NO,NL-NO
NL00-NL60,NL00,NL60,NL,NL,NL-NL
NL00-UK00,NL00,UK00,NL,UK,NL-UK
NLLL-UK00,NLLL,UK00,NL,UK,NL-UK
XRU00-NON1,XRU00,NON1,RU,NO,NO-RU
NOM1-SE02,NOM1,SE02,NO,SE,NO-SE
NON1-SE01,NON1,SE01,NO,SE,NO-SE
NON1-SE02,NON1,SE02,NO,SE,NO-SE
NOS0-SE03,NOS0,SE03,NO,SE,NO-SE
NOS0-UK00,NOS0,UK00,NO,UK,NO-UK
BEOF-UK00,BEOF,UK00,BE,UK,BE-UK
PL00-SE04,PL00,SE04,PL,SE,PL-SE
PL00-SK00,PL00,SK00,PL,SK,PL-SK
PL00-UA00,PL00,UA00,PL,UA,PL-UA
RO00-RS00,RO00,RS00,RO,RS,RO-RS
RO00-UA00,RO00,UA00,RO,UA,RO-UA
RS00-XK00,RS00,XK00,RS,XK,RS-XK
XRU00-UA00,XRU00,UA00,RU,UA,RU-UA
SK00-UA00,SK00,UA00,SK,UA,SK-UA
