Bidding Zone,Country code,Country name
AL00,AL,Albania
AT00,AT,Austria
BA00,BA,Bosnia and Herzegovina
BE00,BE,Belgium
BG00,BG,Bulgaria
EEOF,BW,Baltic Hub
CH00,CH,Switzerland
CW00,CW,Celtic Hub
CY00,CY,Cyprus
CZ00,CZ,Czechia
DE00,DE,Germany
DEKF,DE,Germany
DKBH,DK,Denmark
DKE1,DK,Denmark
DKKF,DK,Denmark
DKW1,DK,Denmark
DZ00,DZ,Algeria
EE00,EE,Estonia
EG00,EG,Egypt
ES00,ES,Spain
FI00,FI,Finland
FR00,FR,France
FR15,FR,France
GR00,GR,Greece
GR03,GR,Greece
HR00,HR,Croatia
HU00,HU,Hungary
IE00,IE,Ireland
IL00,IL,Israel
ITCA,IT,Italy
ITCN,IT,Italy
ITCO,IT,Italy
ITCS,IT,Italy
ITN1,IT,Italy
ITS1,IT,Italy
ITSA,IT,Italy
ITSI,IT,Italy
ITVI,IT,Italy
LT00,LT,Lithuania
LTOF,LT,Lithuania
LUB1,LU,Luxembourg
LUF1,LU,Luxembourg
LUG1,LU,Luxembourg
LUV1,LU,Luxembourg
LV00,LV,Latvia
LY00,LY,Libya
MA00,MA,Morocco
MD00,MD,Moldova
ME00,ME,Montenegro
MK00,MK,North Macedonia
MT00,MT,Malta
NL00,NL,Netherlands
NL6H,NL,Netherlands
NLA0,NL,Netherlands
NLBH,NL,Netherlands
NLLL,NL,Netherlands
NOM1,NO,Norway
NON1,NO,Norway
NOS0,NO,Norway
BEOF,NW,North Hub
DKNS,NW,North Hub
NL60,NW,North Hub
PL00,PL,Poland
PLE0,PL,Poland
PLI0,PL,Poland
PS00,PS,Palestine
PT00,PT,Portugal
RO00,RO,Romania
RS00,RS,Serbia
XRU00,RU,Russia
XSA00,SA,Saudi Arabia
SE01,SE,Sweden
SE02,SE,Sweden
SE03,SE,Sweden
SE04,SE,Sweden
SI00,SI,Slovenia
SK00,SK,Slovakia
TN00,TN,Tunisia
TR00,TR,Turkyie
UA00,UA,Ukraine
UK00,UK,United Kingdom
UKNI,UK,United Kingdom
XK00,XK,Kosovo
